title,img
NEW週刊ガールズ＆パンツァーⅣ号戦車H型（D型改）をつくる,/assets/img/boxes/gup.png
NEW昭和傑作テレビドラマDVDコレクション,/assets/img/boxes/ont.png
NEW週刊ディズニーマジカルミュージックシアター,/assets/img/boxes/dmt.png
NEWアルカディア号ダイキャストギミックモデルをつくる,/assets/img/boxes/har.png
NEWTHETERMINATORT-800をつくる,/assets/img/boxes/t80.png
NEW鉄の城マジンガーＺ巨大メタルギミックモデルをつくる（延長）：偉大な勇者グレートマジンガー,/assets/img/boxes/gmaz.png
NEW西部警察MACHINE RS-1ダイキャストギミックモデルをつくる（延長）：SUPER Z日産フェアレディ 280Z,/assets/img/boxes/rs12.png
NEW週刊 ランチアストラトスをつくる,/assets/img/boxes/lst.png
NEW江戸川乱歩と名作ミステリーの世界,/assets/img/boxes/egr.png
NEW週刊エイリアンゼノモーフをつくる,/assets/img/boxes/aln.png
"NEWウォーハンマー40,000：IMPERIUM",/assets/img/boxes/wha.png
NEWスバル360をつくる,/assets/img/boxes/sub.png
NEW鷲沢玲子のはじめてのホワイトキルト,/assets/img/boxes/rwq.png
NEWピーターラビット?の世界イングリッシュガーデン＆ハウス,/assets/img/boxes/prh.png
空母 赤城ダイキャストギミックモデルをつくる,/assets/img/boxes/aka.png
恋愛小説の世界名作ブックコレクション,/assets/img/boxes/rno.png
宇宙戦艦ヤマト（再延長）ヒュウガ,/assets/img/boxes/sby3.png
ENJOY!OUTDOOR,/assets/img/boxes/out.png
マーベルグラフィックノベル・コレクション,/assets/img/boxes/mgn.png
宇宙戦艦ヤマト（延長）アンドロメダ,/assets/img/boxes/sby2.png
鉄の城マジンガーＺ巨大メタル・ギミックモデルをつくる,/assets/img/boxes/maz.png
TOYOTA2000GTダイキャストギミックモデルをつくる,/assets/img/boxes/n89.png
西洋・東洋占術のすべて占いの世界改訂版,/assets/img/boxes/as2.png
はじめてのディズニークロスステッチ,/assets/img/boxes/dcs.png
国産名車プレミアムコレクション,/assets/img/boxes/hqc.png
ウルトラセブンポインターをつくる,/assets/img/boxes/usp.png
しあわせを願うつるし飾り,/assets/img/boxes/clm.png
ランボルギーニミウラをつくる,/assets/img/boxes/lbm.png
西部警察MACHINE RS-1ダイキャストギミックモデルをつくる,/assets/img/boxes/rs1.png
はじめての刺し子,/assets/img/boxes/ssk.png
やさしいアロマ生活,/assets/img/boxes/ar2.png
かぎ針で編む立体花モチーフ,/assets/img/boxes/3dc.png
ブルートレイン3車両をつくる,/assets/img/boxes/blt.png
懐かしの商用車コレクション,/assets/img/boxes/dv2.png
はじめての立体刺しゅう,/assets/img/boxes/3df.png
週刊ディズニー ドールハウス,/assets/img/boxes/ddh.png
超時空要塞マクロスVF-1 VALKYRIE VF-1バルキリー,/assets/img/boxes/mcr.png
陸上自衛隊74式戦車をつくる,/assets/img/boxes/t74.png
はじめてのレース編み,/assets/img/boxes/lac.png
ディズニー ゴールデン・ブックコレクション,/assets/img/boxes/dgb.png
歌舞伎特選DVDコレクション,/assets/img/boxes/kab.png
樹脂粘土でつくるミニチュアフード,/assets/img/boxes/mfd.png
宇宙戦艦ヤマト,/assets/img/boxes/sby.png
はじめてのレザークラフト,/assets/img/boxes/lth.png
本物の貨幣コレクション,/assets/img/boxes/wm2.png
ピーターラビット?キルト,/assets/img/boxes/ptr.png
戦艦大和,/assets/img/boxes/ymt.png
ディズニーツムツムのニット＆クロシェ,/assets/img/boxes/tmb.png
日本の貨幣コレクション,/assets/img/boxes/jmo.png
国産名車コレクションスペシャルスケール1/24,/assets/img/boxes/jpc.png
ディズニーツムツム編みぐるみコレクション,/assets/img/boxes/tsumtsum.png
世界の貨幣コレクション,/assets/img/boxes/billet.png
Honda S800Mエスハチをつくる,/assets/img/boxes/hs8.png
週刊トヨタセリカLB2000GT,/assets/img/boxes/cel.png
ル・マン24時間レースカーコレクション,/assets/img/boxes/lmn.png
学習ロボットをつくる,/assets/img/boxes/kry.png
エアファイターコレクション,/assets/img/boxes/aft.png
Tyrrell P34をつくる,/assets/img/boxes/tyr.png
零戦五二型,/assets/img/boxes/zrs.png
パンサー戦車をつくる,/assets/img/boxes/tpz.png
ウイリスMBジープRをつくる,/assets/img/boxes/jee.png
ZARDCD＆DVDCOLLECTION,/assets/img/boxes/zard.png
立体パズルと思考ゲームパズルコレクション,/assets/img/boxes/pz2.png
ふだん使いのかわいいかぎ針編み,/assets/img/boxes/cr2.png
週刊航空自衛隊F-4EJ改をつくる！,/assets/img/boxes/f4p.png
週刊スバルインプレッサをつくる,/assets/img/boxes/imp.png
チャップリン公式DVDコレクション,/assets/img/boxes/chaplin.png
週刊伊四〇〇,/assets/img/boxes/i-400.png
古の時計改訂版,/assets/img/boxes/oldtokei2.png
週刊ラ フェラーリをつくる,/assets/img/boxes/ferrari2.png
クロスステッチ,/assets/img/boxes/crossstitch.png
週刊陸上自衛隊10式戦車をつくる,/assets/img/boxes/tank.png
週刊NISSANスカイライン2000GT-R KPGC10ハコスカ,/assets/img/boxes/nissan.png
ディズニー・トレインをつくる,/assets/img/boxes/train.png
F-14 Tomcat,/assets/img/boxes/f14.png
世界の切手コレクション,/assets/img/boxes/stamp.png
宇宙の神秘,/assets/img/boxes/mou.png
太平洋戦争の記憶,/assets/img/boxes/warnewspaper.png
リラックスアロマテラピー,/assets/img/boxes/aroma.png
ニット＆クロシェ,/assets/img/boxes/tricot14.png
国産鉄道コレクション,/assets/img/boxes/trains.png
体のふしぎ改訂版,/assets/img/boxes/kfushigi.png
日本の貨物列車,/assets/img/boxes/ftrain.png
ミステリー・ゾーンDVDコレクション,/assets/img/boxes/twil.png
棒針あみ,/assets/img/boxes/tricot.png
趣味のカリグラフィーレッスン,/assets/img/boxes/calligraphy.png
占いの世界,/assets/img/boxes/astro.png
水彩画レッスン,/assets/img/boxes/aquarelle.png
かぎ針あみ,/assets/img/boxes/crochet.png
パイレーツ・オブ・カリビアン,/assets/img/boxes/pirates.png
公式フェラーリF1コレクション,/assets/img/boxes/ferrariF1.png
奥さまは魔女公式DVDコレクション,/assets/img/boxes/bewitched.png
リサとガスパールテーブルウェアコレクション,/assets/img/boxes/gaspard.png
週刊日本の魚釣り,/assets/img/boxes/peche.png
ビッグモンスタートラック,/assets/img/boxes/bmt.png
日本陸海軍機大百科,/assets/img/boxes/jplanes.png
戦艦ビスマルク,/assets/img/boxes/bismark.png
ジェームズ・ボンド公式DVDコレクション,/assets/img/boxes/007.png
日産名車,/assets/img/boxes/ncars.png
まんがの達人,/assets/img/boxes/manga.png
フェラーリコレクション,/assets/img/boxes/ferrari.png
体のふしぎ,/assets/img/boxes/karada.png
国産名車コレクション,/assets/img/boxes/jpcars.png
パズルコレクション,/assets/img/boxes/puzzle.png
タイタニック,/assets/img/boxes/titanic.png
