タイトル,タイトルURL1,画像URL
"
            
            
              
              かわいい刺しゅう
            
              
              2018年8月28日創刊
            
              
              2022年7月12日完結
            
            ",https://deagostini.jp/post/migrm-567,https://deagostini.jp/f/resources_news/archive/migrm_image_SSU_legend_item_img.jpg
"
            
            
              
              オーシャンアタック＆Co.ビッグ（全15種類）
            
              
              2022年3月15日発売
            
            ",https://deagostini.jp/post/archive-202406241522,https://deagostini.jp/f/resources/images/kids/oab/issue_1_1.jpg
"
            
            
              
              ストレッチーズ　ミュータント（全16種類）
            
              
              2021年12月14日発売
            
            ",https://deagostini.jp/post/archive-202406241516,https://deagostini.jp/f/resources/images/kids/smu/issue_101_1.jpg
"
            
            
              
              恐竜＆Co.ビッグ（全16種類）
            
              
              2021年6月18日発売
            
            ",https://deagostini.jp/post/archive-202406241502,https://deagostini.jp/f/resources/images/kids/krb/issue_1_1.jpg
"
            
            
              
              ロビ2
            
              
              2017年06月06日創刊
            
              
              2019年04月02日完結
            
            ",https://deagostini.jp/post/migrm-565,https://deagostini.jp/f/resources_news/archive/migrm_image_ROT_legend_item_img.jpg
"
            
            
              
              ロビ 第三版
            
              
              2015年01月20日創刊
            
              
              2016年06月21日完結
            
            ",https://deagostini.jp/post/migrm-564,https://deagostini.jp/f/resources_news/archive/migrm_image_RB3_legend_item_img.jpg
"
            
            
              
              ガンダム・モビルスーツ・バイブル
            
              
              2019年01月29日創刊
            
              
              2022年05月17日完結
            
            ",https://deagostini.jp/post/migrm-566,https://deagostini.jp/f/resources_news/archive/migrm_image_GMS_legend_item_img.jpg
"
            
            
              
              アイアンマン
            
              
              2020年08月18日創刊
            
              
              2022年07月19日完結
            
            ",https://deagostini.jp/post/migrm-559,https://deagostini.jp/f/resources_news/archive/migrm_image_AAM_legend_item_img.jpg
"
            
            
              
              ワイルド・スピード ダッジ・チャージャー R/T
            
              
              2020年02月25日創刊
            
              
              2022年04月19日完結
            
            ",https://deagostini.jp/post/migrm-557,https://deagostini.jp/f/resources_news/archive/migrm_image_DOD_legend_item_img.jpg
"
            
            
              
              サンダーバード秘密基地
            
              
              2020年01月14日創刊
            
              
              2022年03月08日完結
            
            ",https://deagostini.jp/post/migrm-560,https://deagostini.jp/f/resources_news/archive/migrm_image_TBH_legend_item_img.jpg
"
            
            
              
              ゴジラをつくる
            
              
              2019年08月27日創刊
            
              
              2021年08月10日完結
            
            ",https://deagostini.jp/post/migrm-554,https://deagostini.jp/f/resources_news/archive/migrm_image_GOT_legend_item_img.jpg
"
            
            
              
              日本刀
            
              
              2019年05月28日創刊
            
              
              2021年10月12日完結
            
            ",https://deagostini.jp/post/migrm-556,https://deagostini.jp/f/resources_news/archive/migrm_image_NDF_legend_item_img.jpg
"
            
            
              
              YAMAHA YZR-M1 バレンティーノ・ロッシ モデル
            
              
              2019年03月19日創刊
            
              
              2020年12月22日完結
            
            ",https://deagostini.jp/post/migrm-551,https://deagostini.jp/f/resources_news/archive/migrm_image_YZR_legend_item_img.jpg
"
            
            
              
              自衛隊DVDコレクション
            
              
              2019年01月15日創刊
            
              
              2022年01月25日完結
            
            ",https://deagostini.jp/post/migrm-558,https://deagostini.jp/f/resources_news/archive/migrm_image_JED_legend_item_img.jpg
"
            
            
              
              神社百景 DVDコレクション 再刊行版
            
              
              2019年01月08日創刊
            
              
              2021年03月02日完結
            
            ",https://deagostini.jp/post/migrm-553,https://deagostini.jp/f/resources_news/archive/migrm_image_JD2_legend_item_img.jpg
"
            
            
              
              クイーン・LPレコード・コレクション
            
              
              2018年11月06日創刊
            
              
              2019年10月08日完結
            
            ",https://deagostini.jp/post/migrm-530,https://deagostini.jp/f/resources_news/archive/migrm_image_QUR_legend_item_img.jpg
"
            
            
              
              NISSAN GT-R NISMO
            
              
              2018年08月28日創刊
            
              
              2020年08月11日完結
            
            ",https://deagostini.jp/post/migrm-546,https://deagostini.jp/f/resources_news/archive/migrm_image_GTR_legend_item_img.jpg
"
            
            
              
              ジャガー・Eタイプ
            
              
              2018年05月15日創刊
            
              
              2020年04月14日完結
            
            ",https://deagostini.jp/post/migrm-535,https://deagostini.jp/f/resources_news/archive/migrm_image_JAG_legend_item_img.jpg
"
            
            
              
              栄光の日本海軍 パーフェクトファイル
            
              
              2018年03月13日創刊
            
              
              2021年02月02日完結
            
            ",https://deagostini.jp/post/migrm-552,https://deagostini.jp/f/resources_news/archive/migrm_image_NKP_legend_item_img.jpg
"
            
            
              
              鉄道 ザ・ラストラン
            
              
              2018年02月13日創刊
            
              
              2021年09月21日完結
            
            ",https://deagostini.jp/post/migrm-555,https://deagostini.jp/f/resources_news/archive/migrm_image_TRD_legend_item_img.jpg
"
            
            
              
              ニードルフェルトでねこあつめ
            
              
              2018年01月30日創刊
            
              
              2020年09月18日完結
            
            ",https://deagostini.jp/post/migrm-547,https://deagostini.jp/f/resources_news/archive/migrm_image_NKO_legend_item_img.jpg
"
            
            
              
              スター・ウォーズ R2-D2
            
              
              2018年01月04日創刊
            
              
              2019年12月10日完結
            
            ",https://deagostini.jp/post/migrm-534,https://deagostini.jp/f/resources_news/archive/migrm_image_R2D_legend_item_img.jpg
"
            
            
              
              マツダ・コスモスポーツ
            
              
              2017年09月26日創刊
            
              
              2019年08月27日完結
            
            ",https://deagostini.jp/post/migrm-539,https://deagostini.jp/f/resources_news/archive/migrm_image_MAZ_legend_item_img.jpg
"
            
            
              
              ムーミンハウスをつくる
            
              
              2017年08月29日創刊
            
              
              2019年10月08日完結
            
            ",https://deagostini.jp/post/migrm-529,https://deagostini.jp/f/resources_news/archive/migrm_image_MOO_legend_item_img.jpg
"
            
            
              
              ザ・ビートルズ・LPレコード・コレクション
            
              
              2017年08月29日創刊
            
              
              2018年07月03日完結
            
            ",https://deagostini.jp/post/migrm-531,https://deagostini.jp/f/resources_news/archive/migrm_image_BTR_legend_item_img.jpg
"
            
            
              
              籐でつくる小物とバッグ
            
              
              2017年05月23日創刊
            
              
              2020年03月24日完結
            
            ",https://deagostini.jp/post/migrm-544,https://deagostini.jp/f/resources_news/archive/migrm_image_TOU_legend_item_img.jpg
"
            
            
              
              日本の名峰 DVD付きマガジン
            
              
              2017年05月23日創刊
            
              
              2020年09月18日完結
            
            ",https://deagostini.jp/post/migrm-548,https://deagostini.jp/f/resources_news/archive/migrm_image_NMD_legend_item_img.jpg
"
            
            
              
              バック・トゥ・ザ・フューチャー デロリアン
            
              
              2017年01月31日創刊
            
              
              2019年07月30日完結
            
            ",https://deagostini.jp/post/migrm-538,https://deagostini.jp/f/resources_news/archive/migrm_image_DEL_legend_item_img.jpg
"
            
            
              
              F1マシンコレクション
            
              
              2017年01月10日創刊
            
              
              2022年09月27日完結
            
            ",https://deagostini.jp/post/migrm-561,https://deagostini.jp/f/resources_news/archive/migrm_image_F1C_legend_item_img.jpg
"
            
            
              
              おしえて！ おしゃべりガイコツ
            
              
              2017年01月05日創刊
            
              
              2018年05月15日完結
            
            ",https://deagostini.jp/post/migrm-526,https://deagostini.jp/f/resources_news/archive/migrm_image_OGA_legend_item_img.jpg
"
            
            
              
              日本の城 改訂版
            
              
              2017年01月05日創刊
            
              
              2020年02月10日完結
            
            ",https://deagostini.jp/post/migrm-543,https://deagostini.jp/f/resources_news/archive/migrm_image_NS2_legend_item_img.jpg
"
            
            
              
              ジャズ・LPレコード・コレクション
            
              
              2016年09月27日創刊
            
              
              2019年12月17日完結
            
            ",https://deagostini.jp/post/migrm-540,https://deagostini.jp/f/resources_news/archive/migrm_image_JZR_legend_item_img.jpg
"
            
            
              
              マイ3Dプリンター 再刊行版
            
              
              2016年09月13日創刊
            
              
              2017年10月03日完結
            
            ",https://deagostini.jp/post/migrm-510,https://deagostini.jp/f/resources_news/archive/migrm_image_MT2_legend_item_img.jpg
"
            
            
              
              傑作カンフー映画 ブルーレイ コレクション
            
              
              2016年08月30日創刊
            
              
              2017年10月10日完結
            
            ",https://deagostini.jp/post/migrm-525,https://deagostini.jp/f/resources_news/archive/migrm_image_KFB_legend_item_img.jpg
"
            
            
              
              レ・グランディ・フェラーリ・コレクション 
            
              
              2016年08月30日創刊
            
              
              2018年12月04日完結
            
            ",https://deagostini.jp/post/migrm-532,https://deagostini.jp/f/resources_news/archive/migrm_image_FER_legend_item_img.jpg
"
            
            
              
              日本の神社大全
            
              
              2016年06月24日創刊
            
              
              2017年07月28日完結
            
            ",https://deagostini.jp/post/migrm-549,https://deagostini.jp/f/resources_news/archive/migrm_image_NJT_legend_item_img.jpg
"
            
            
              
              神社百景DVDコレクション
            
              
              2016年05月24日創刊
            
              
              2018年07月31日完結
            
            ",https://deagostini.jp/post/migrm-516,https://deagostini.jp/f/resources_news/archive/migrm_image_JID_legend_item_img.jpg
"
            
            
              
              円谷プロ特撮ドラマDVDコレクション
            
              
              2016年02月16日創刊
            
              
              2020年10月20日完結
            
            ",https://deagostini.jp/post/migrm-550,https://deagostini.jp/f/resources_news/archive/migrm_image_TBD_legend_item_img.jpg
"
            
            
              
              第二次世界大戦 傑作機コレクション
            
              
              2016年02月09日創刊
            
              
              2019年11月26日完結
            
            ",https://deagostini.jp/post/migrm-536,https://deagostini.jp/f/resources_news/archive/migrm_image_WW2_legend_item_img.jpg
"
            
            
              
              釣りバカ日誌 映画DVDコレクション
            
              
              2016年02月02日創刊
            
              
              2016年11月22日完結
            
            ",https://deagostini.jp/post/migrm-520,https://deagostini.jp/f/resources_news/archive/migrm_image_TUD_legend_item_img.jpg
"
            
            
              
              サンダーバード２号＆救助メカ
            
              
              2016年01月26日創刊
            
              
              2017年11月21日完結
            
            ",https://deagostini.jp/post/migrm-518,https://deagostini.jp/f/resources_news/archive/migrm_image_TBK_legend_item_img.jpg
"
            
            
              
              ディズニー・ドリーム・シアター
            
              
              2016年01月19日創刊
            
              
              2017年12月19日完結
            
            ",https://deagostini.jp/post/migrm-523,https://deagostini.jp/f/resources_news/archive/migrm_image_DDT_legend_item_img.jpg
"
            
            
              
              空から日本を見てみようDVDコレクション
            
              
              2016年01月12日創刊
            
              
              2019年10月29日完結
            
            ",https://deagostini.jp/post/migrm-541,https://deagostini.jp/f/resources_news/archive/migrm_image_SKD_legend_item_img.jpg
"
            
            
              
              スター・ウォーズ ミレニアム・ファルコン
            
              
              2016年01月05日創刊
            
              
              2017年12月05日完結
            
            ",https://deagostini.jp/post/migrm-522,https://deagostini.jp/f/resources_news/archive/migrm_image_MFL_legend_item_img.jpg
"
            
            
              
              昭和にっぽん 鉄道ジオラマ
            
              
              2015年09月15日創刊
            
              
              2017年08月15日完結
            
            ",https://deagostini.jp/post/migrm-524,https://deagostini.jp/f/resources_news/archive/migrm_image_SNT_legend_item_img.jpg
"
            
            
              
              リバティプリントでハンドメイド
            
              
              2015年09月01日創刊
            
              
              2018年09月11日完結
            
            ",https://deagostini.jp/post/migrm-511,https://deagostini.jp/f/resources_news/archive/migrm_image_LIB_legend_item_img.jpg
"
            
            
              
              必殺仕事人DVDコレクション
            
              
              2015年05月12日創刊
            
              
              2020年06月02日完結
            
            ",https://deagostini.jp/post/migrm-545,https://deagostini.jp/f/resources_news/archive/migrm_image_HSD_legend_item_img.jpg
"
            
            
              
              映画クレヨンしんちゃん DVDコレクション
            
              
              2015年02月17日創刊
            
              
              2015年11月24日完結
            
            ",https://deagostini.jp/post/migrm-490,https://deagostini.jp/f/resources_news/archive/migrm_image_CYS_legend_item_img.jpg
"
            
            
              
              スカイライダー・ドローン
            
              
              2015年02月03日創刊
            
              
              2018年05月31日完結
            
            ",https://deagostini.jp/post/migrm-513,https://deagostini.jp/f/resources_news/archive/migrm_image_SRD_legend_item_img.jpg
"
            
            
              
              蒸気機関車C57を作る
            
              
              2015年01月27日創刊
            
              
              2016年12月23日完結
            
            ",https://deagostini.jp/post/migrm-502,https://deagostini.jp/f/resources_news/archive/migrm_image_JKG_legend_item_img.jpg
"
            
            
              
              ジッポー コレクション 80th Anniversary
            
              
              2015年01月20日創刊
            
              
              2019年08月10日完結
            
            ",https://deagostini.jp/post/migrm-533,https://deagostini.jp/f/resources_news/archive/migrm_image_ZIP_legend_item_img.jpg
"
            
            
              
              マイ3Dプリンター
            
              
              2015年01月05日創刊
            
              
              2018年11月01日完結
            
            ",https://deagostini.jp/post/migrm-519,https://deagostini.jp/f/resources_news/archive/migrm_image_MTP_legend_item_img.jpg
"
            
            
              
              東映任侠映画傑作DVDコレクション
            
              
              2014年12月26日創刊
            
              
              2019年07月30日完結
            
            ",https://deagostini.jp/post/migrm-537,https://deagostini.jp/f/resources_news/archive/migrm_image_TND_legend_item_img.jpg
"
            
            
              
              仮面ライダー オフィシャルパーフェクトファイル
            
              
              2014年09月25日創刊
            
              
              2018年05月29日完結
            
            ",https://deagostini.jp/post/migrm-528,https://deagostini.jp/f/resources_news/archive/migrm_image_KPF_legend_item_img.jpg
"
            
            
              
              大映特撮映画DVDコレクション
            
              
              2014年09月02日創刊
            
              
              2016年12月06日完結
            
            ",https://deagostini.jp/post/migrm-500,https://deagostini.jp/f/resources_news/archive/migrm_image_DET_legend_item_img.jpg
"
            
            
              
              北斗の拳 DVDコレクション
            
              
              2014年05月27日創刊
            
              
              2016年08月02日完結
            
            ",https://deagostini.jp/post/migrm-509,https://deagostini.jp/f/resources_news/archive/migrm_image_HKD_legend_item_img.jpg
"
            
            
              
              スタートレック・スターシップコレクション
            
              
              2014年05月20日創刊
            
              
              2020年06月23日完結
            
            ",https://deagostini.jp/post/migrm-542,https://deagostini.jp/f/resources_news/archive/migrm_image_STS_legend_item_img.jpg
"
            
            
              
              ジャッキー・チェン DVD コレクション
            
              
              2014年03月04日創刊
            
              
              2016年08月30日完結
            
            ",https://deagostini.jp/post/migrm-497,https://deagostini.jp/f/resources_news/archive/migrm_image_JCD_legend_item_img.jpg
"
            
            
              
              日本の神社
            
              
              2014年01月28日創刊
            
              
              2016年05月24日完結
            
            ",https://deagostini.jp/post/migrm-521,https://deagostini.jp/f/resources_news/archive/migrm_image_JIN_legend_item_img.jpg
"
            
            
              
              東宝・新東宝戦争映画DVD コレクション
            
              
              2014年01月21日創刊
            
              
              2018年09月30日完結
            
            ",https://deagostini.jp/post/migrm-498,https://deagostini.jp/f/resources_news/archive/migrm_image_TSD_legend_item_img.jpg
"
            
            
              
              日本の名車
            
              
              2014年01月04日創刊
            
              
              2018年03月31日完結
            
            ",https://deagostini.jp/post/migrm-492,https://deagostini.jp/f/resources_news/archive/migrm_image_NNM_legend_item_img.jpg
"
            
            
              
              剣客商売 DVD コレクション
            
              
              2013年10月08日創刊
            
              
              2014年11月25日完結
            
            ",https://deagostini.jp/post/migrm-499,https://deagostini.jp/f/resources_news/archive/migrm_image_KND_legend_item_img.jpg
"
            
            
              
              ランボルギーニカウンタック LP500S
            
              
              2013年09月24日創刊
            
              
              2015年04月21日完結
            
            ",https://deagostini.jp/post/migrm-489,https://deagostini.jp/f/resources_news/archive/migrm_image_LCL_legend_item_img.jpg
"
            
            
              
              パッチワーク 改訂版
            
              
              2013年09月10日創刊
            
              
              2018年03月31日完結
            
            ",https://deagostini.jp/post/migrm-514,https://deagostini.jp/f/resources_news/archive/migrm_image_PT2_legend_item_img.jpg
"
            
            
              
              ラリーカーコレクション
            
              
              2013年09月03日創刊
            
              
              2018年03月27日完結
            
            ",https://deagostini.jp/post/migrm-527,https://deagostini.jp/f/resources_news/archive/migrm_image_RCL_legend_item_img.jpg
"
            
            
              
              スズキ HAYABUSA GSX1300R
            
              
              2013年06月18日創刊
            
              
              2015年01月27日完結
            
            ",https://deagostini.jp/post/migrm-488,https://deagostini.jp/f/resources_news/archive/migrm_image_SHB_legend_item_img.jpg
"
            
            
              
              新刑事コロンボDVDコレクション
            
              
              2013年05月14日創刊
            
              
              2015年12月22日完結
            
            ",https://deagostini.jp/post/migrm-494,https://deagostini.jp/f/resources_news/archive/migrm_image_KC2_legend_item_img.jpg
"
            
            
              
              自衛隊モデル・コレクション
            
              
              2013年03月12日創刊
            
              
              2015年11月24日完結
            
            ",https://deagostini.jp/post/migrm-491,https://deagostini.jp/f/resources_news/archive/migrm_image_JMC_legend_item_img.jpg
"
            
            
              
              ハーレーダビッドソン・プレミアムコレクション
            
              
              2013年02月14日創刊
            
              
              2013年06月27日完結
            
            ",https://deagostini.jp/post/migrm-486,https://deagostini.jp/f/resources_news/archive/migrm_image_HDP_legend_item_img.jpg
"
            
            
              
              そーなんだ！からだの不思議
            
              
              2013年01月22日創刊
            
              
              2017年11月23日完結
            
            ",https://deagostini.jp/post/migrm-515,https://deagostini.jp/f/resources_news/archive/migrm_image_SNM_legend_item_img.jpg
"
            
            
              
              マクロス・クロニクル 新訂版
            
              
              2013年01月15日創刊
            
              
              2014年08月05日完結
            
            ",https://deagostini.jp/post/migrm-476,https://deagostini.jp/f/resources_news/archive/migrm_image_MCR_legend_item_img.jpg
"
            
            
              
              日本の城
            
              
              2013年01月08日創刊
            
              
              2015年05月01日完結
            
            ",https://deagostini.jp/post/migrm-503,https://deagostini.jp/f/resources_news/archive/migrm_image_NNS_legend_item_img.jpg
"
            
            
              
              戦艦大和を作る 改訂版
            
              
              2012年09月25日創刊
            
              
              2014年06月17日完結
            
            ",https://deagostini.jp/post/migrm-481,https://deagostini.jp/f/resources_news/archive/migrm_image_YM2_legend_item_img.jpg
"
            
            
              
              そーなんだ！歴史編 改訂版
            
              
              2012年09月11日創刊
            
              
              2014年11月11日完結
            
            ",https://deagostini.jp/post/migrm-508,https://deagostini.jp/f/resources_news/archive/migrm_image_SR2_legend_item_img.jpg
"
            
            
              
              マクラーレン ホンダ MP4/4
            
              
              2012年09月04日創刊
            
              
              2014年01月07日完結
            
            ",https://deagostini.jp/post/migrm-473,https://deagostini.jp/f/resources_news/archive/migrm_image_MCH_legend_item_img.jpg
"
            
            
              
              銀河鉄道999 DVDコレクション
            
              
              2012年06月19日創刊
            
              
              2013年12月27日完結
            
            ",https://deagostini.jp/post/migrm-504,https://deagostini.jp/f/resources_news/archive/migrm_image_GIN_legend_item_img.jpg
"
            
            
              
              HMSヴィクトリーを作る
            
              
              2012年05月29日創刊
            
              
              2014年09月16日完結
            
            ",https://deagostini.jp/post/migrm-477,https://deagostini.jp/f/resources_news/archive/migrm_image_HMS_legend_item_img.jpg
"
            
            
              
              コンバット・タンク・コレクション
            
              
              2012年05月22日創刊
            
              
              2016年12月20日完結
            
            ",https://deagostini.jp/post/migrm-501,https://deagostini.jp/f/resources_news/archive/migrm_image_CTC_legend_item_img.jpg
"
            
            
              
              歴史のミステリー 改訂版
            
              
              2012年05月15日創刊
            
              
              2014年04月22日完結
            
            ",https://deagostini.jp/post/migrm-495,https://deagostini.jp/f/resources_news/archive/migrm_image_RM2_legend_item_img.jpg
"
            
            
              
              ディズニー・パレード
            
              
              2012年03月06日創刊
            
              
              2014年02月04日完結
            
            ",https://deagostini.jp/post/migrm-483,https://deagostini.jp/f/resources_news/archive/migrm_image_DPD_legend_item_img.jpg
"
            
            
              
              ブルーノート・ベスト・ジャズコレクション
            
              
              2012年01月10日創刊
            
              
              2015年03月17日完結
            
            ",https://deagostini.jp/post/migrm-505,https://deagostini.jp/f/resources_news/archive/migrm_image_BNC_legend_item_img.jpg
"
            
            
              
              日本の100人 改訂版
            
              
              2012年01月06日創刊
            
              
              2018年04月30日完結
            
            ",https://deagostini.jp/post/migrm-512,https://deagostini.jp/f/resources_news/archive/migrm_image_NH2_legend_item_img.jpg
"
            
            
              
              蒸気機関車D51を作る
            
              
              2012年01月04日創刊
            
              
              2013年12月03日完結
            
            ",https://deagostini.jp/post/migrm-482,https://deagostini.jp/f/resources_news/archive/migrm_image_JKD_legend_item_img.jpg
"
            
            
              
              トヨタ2000GT
            
              
              2011年12月13日創刊
            
              
              2013年03月13日完結
            
            ",https://deagostini.jp/post/migrm-469,https://deagostini.jp/f/resources_news/archive/migrm_image_TGT_legend_item_img.jpg
"
            
            
              
              赤毛のアンの家
            
              
              2011年10月10日創刊
            
              
              2013年09月10日完結
            
            ",https://deagostini.jp/post/migrm-479,https://deagostini.jp/f/resources_news/archive/migrm_image_ANN_legend_item_img.jpg
"
            
            
              
              ガンダム パーフェクト・ファイル
            
              
              2011年09月20日創刊
            
              
              2015年03月10日完結
            
            ",https://deagostini.jp/post/migrm-496,https://deagostini.jp/f/resources_news/archive/migrm_image_GPF_legend_item_img.jpg
"
            
            
              
              和時計をつくる
            
              
              2011年08月30日創刊
            
              
              2012年10月23日完結
            
            ",https://deagostini.jp/post/migrm-459,https://deagostini.jp/f/resources_news/archive/migrm_image_WDT_legend_item_img.jpg
"
            
            
              
              ジェリー・アンダーソンSF特撮DVDコレクション
            
              
              2011年06月14日創刊
            
              
              2013年06月25日完結
            
            ",https://deagostini.jp/post/migrm-485,https://deagostini.jp/f/resources_news/archive/migrm_image_GAD_legend_item_img.jpg
"
            
            
              
              もっとデジイチLIFE
            
              
              2011年03月08日創刊
            
              
              2012年07月10日完結
            
            ",https://deagostini.jp/post/migrm-460,https://deagostini.jp/f/resources_news/archive/migrm_image_MDI_legend_item_img.jpg
"
            
            
              
              パッチワーク
            
              
              2011年03月01日創刊
            
              
              2013年08月09日完結
            
            ",https://deagostini.jp/post/migrm-470,https://deagostini.jp/f/resources_news/archive/migrm_image_PTW_legend_item_img.jpg
"
            
            
              
              ロボゼロ
            
              
              2011年02月08日創刊
            
              
              2012年06月19日完結
            
            ",https://deagostini.jp/post/migrm-467,https://deagostini.jp/f/resources_news/archive/migrm_image_RBX_legend_item_img.jpg
"
            
            
              
              名探偵ポワロ DVDコレクション
            
              
              2011年01月25日創刊
            
              
              2013年07月09日完結
            
            ",https://deagostini.jp/post/migrm-484,https://deagostini.jp/f/resources_news/archive/migrm_image_POD_legend_item_img.jpg
"
            
            
              
              NHK 名曲アルバム CDコレクション
            
              
              2011年01月25日創刊
            
              
              2013年09月17日完結
            
            ",https://deagostini.jp/post/migrm-478,https://deagostini.jp/f/resources_news/archive/migrm_image_NMA_legend_item_img.jpg
"
            
            
              
              戦国甲冑をつくる
            
              
              2011年01月18日創刊
            
              
              2012年02月07日完結
            
            ",https://deagostini.jp/post/migrm-447,https://deagostini.jp/f/resources_news/archive/migrm_image_SKT_legend_item_img.jpg
"
            
            
              
              コメディドラマで ENGLISH
            
              
              2011年01月11日創刊
            
              
              2012年03月06日完結
            
            ",https://deagostini.jp/post/migrm-471,https://deagostini.jp/f/resources_news/archive/migrm_image_CDE_legend_item_img.jpg
"
            
            
              
              日本の古寺・仏像 DVDコレクション
            
              
              2011年01月06日創刊
            
              
              2013年08月27日完結
            
            ",https://deagostini.jp/post/migrm-507,https://deagostini.jp/f/resources_news/archive/migrm_image_NKD_legend_item_img.jpg
"
            
            
              
              大草原の小さな家 DVDコレクション
            
              
              2010年10月19日創刊
            
              
              2013年06月25日完結
            
            ",https://deagostini.jp/post/migrm-487,https://deagostini.jp/f/resources_news/archive/migrm_image_DSD_legend_item_img.jpg
"
            
            
              
              マクラーレンMP4-23
            
              
              2010年10月05日創刊
            
              
              2012年01月04日完結
            
            ",https://deagostini.jp/post/migrm-446,https://deagostini.jp/f/resources_news/archive/migrm_image_MCL_legend_item_img.jpg
"
            
            
              
              鬼平犯科帳DVDコレクション
            
              
              2010年09月14日創刊
            
              
              2015年10月08日完結
            
            ",https://deagostini.jp/post/migrm-506,https://deagostini.jp/f/resources_news/archive/migrm_image_OND_legend_item_img.jpg
"
            
            
              
              バレエDVDコレクション
            
              
              2010年09月13日創刊
            
              
              2013年12月27日完結
            
            ",https://deagostini.jp/post/migrm-493,https://deagostini.jp/f/resources_news/archive/migrm_image_BLD_legend_item_img.jpg
"
            
            
              
              ホンダ CB750FOUR
            
              
              2010年08月31日創刊
            
              
              2012年03月13日完結
            
            ",https://deagostini.jp/post/migrm-458,https://deagostini.jp/f/resources_news/archive/migrm_image_HCB_legend_item_img.jpg
"
            
            
              
              ハマーH1 ラジコンカー
            
              
              2010年06月15日創刊
            
              
              2011年09月13日完結
            
            ",https://deagostini.jp/post/migrm-455,https://deagostini.jp/f/resources_news/archive/migrm_image_HMR_legend_item_img.jpg
"
            
            
              
              戦国武将データファイル
            
              
              2010年05月25日創刊
            
              
              2012年07月10日完結
            
            ",https://deagostini.jp/post/migrm-475,https://deagostini.jp/f/resources_news/archive/migrm_image_SBD_legend_item_img.jpg
"
            
            
              
              航空母艦 赤城を作る
            
              
              2010年02月23日創刊
            
              
              2012年01月24日完結
            
            ",https://deagostini.jp/post/migrm-456,https://deagostini.jp/f/resources_news/archive/migrm_image_AKG_legend_item_img.jpg
"
            
            
              
              野鳥の世界
            
              
              2010年02月16日創刊
            
              
              2012年06月12日完結
            
            ",https://deagostini.jp/post/migrm-468,https://deagostini.jp/f/resources_news/archive/migrm_image_YNS_legend_item_img.jpg
"
            
            
              
              スパイ大作戦 DVDコレクション
            
              
              2010年02月09日創刊
            
              
              2011年09月27日完結
            
            ",https://deagostini.jp/post/migrm-450,https://deagostini.jp/f/resources_news/archive/migrm_image_SPD_legend_item_img.jpg
"
            
            
              
              宇宙戦艦ヤマト オフィシャル・ファクトファイル
            
              
              2010年02月02日創刊
            
              
              2011年08月23日完結
            
            ",https://deagostini.jp/post/migrm-453,https://deagostini.jp/f/resources_news/archive/migrm_image_USY_legend_item_img.jpg
"
            
            
              
              日本のうた こころの歌 改訂版
            
              
              2010年01月20日創刊
            
              
              2012年11月06日完結
            
            ",https://deagostini.jp/post/migrm-480,https://deagostini.jp/f/resources_news/archive/migrm_image_NU2_legend_item_img.jpg
"
            
            
              
              エヴァンゲリオン・クロニクル 新訂版
            
              
              2010年01月19日創刊
            
              
              2011年01月06日完結
            
            ",https://deagostini.jp/post/migrm-389,https://deagostini.jp/f/resources_news/archive/migrm_image_EVA_legend_item_img.jpg
"
            
            
              
              フェラーリF2007ラジコンカー
            
              
              2010年01月12日創刊
            
              
              2011年12月13日完結
            
            ",https://deagostini.jp/post/migrm-466,https://deagostini.jp/f/resources_news/archive/migrm_image_FFR_legend_item_img.jpg
"
            
            
              
              江戸
            
              
              2010年01月12日創刊
            
              
              2011年12月20日完結
            
            ",https://deagostini.jp/post/migrm-472,https://deagostini.jp/f/resources_news/archive/migrm_image_EDO_legend_item_img.jpg
"
            
            
              
              そーなんだ！歴史編
            
              
              2010年01月06日創刊
            
              
              2012年03月06日完結
            
            ",https://deagostini.jp/post/migrm-464,https://deagostini.jp/f/resources_news/archive/migrm_image_SNR_legend_item_img.jpg
"
            
            
              
              松本清張
            
              
              2009年10月13日創刊
            
              
              2010年01月12日完結
            
            ",https://deagostini.jp/post/migrm-378,https://deagostini.jp/f/resources_news/archive/migrm_image_MSC_legend_item_img.jpg
"
            
            
              
              東宝特撮映画DVDコレクション
            
              
              2009年09月29日創刊
            
              
              2012年03月13日完結
            
            ",https://deagostini.jp/post/migrm-465,https://deagostini.jp/f/resources_news/archive/migrm_image_TTD_legend_item_img.jpg
"
            
            
              
              DVDオペラ・コレクション
            
              
              2009年09月01日創刊
            
              
              2012年02月14日完結
            
            ",https://deagostini.jp/post/migrm-463,https://deagostini.jp/f/resources_news/archive/migrm_image_DOC_legend_item_img.jpg
"
            
            
              
              零戦をつくる
            
              
              2009年08月25日創刊
            
              
              2011年07月26日完結
            
            ",https://deagostini.jp/post/migrm-445,https://deagostini.jp/f/resources_news/archive/migrm_image_ZST_legend_item_img.jpg
"
            
            
              
              Xファイル DVDコレクション 改訂版
            
              
              2009年06月02日創刊
            
              
              2011年04月05日完結
            
            ",https://deagostini.jp/post/migrm-454,https://deagostini.jp/f/resources_news/archive/migrm_image_XF2_legend_item_img.jpg
"
            
            
              
              ウルトラマン オフィシャルデータファイル
            
              
              2009年05月26日創刊
            
              
              2011年07月19日完結
            
            ",https://deagostini.jp/post/migrm-452,https://deagostini.jp/f/resources_news/archive/migrm_image_UDF_legend_item_img.jpg
"
            
            
              
              ディズニー・ドリーム・ファイル
            
              
              2009年05月19日創刊
            
              
              2011年07月05日完結
            
            ",https://deagostini.jp/post/migrm-461,https://deagostini.jp/f/resources_news/archive/migrm_image_DDF_legend_item_img.jpg
"
            
            
              
              わが家で和食改訂版
            
              
              2009年02月17日創刊
            
              
              2011年01月25日完結
            
            ",https://deagostini.jp/post/migrm-331,https://deagostini.jp/f/resources_news/archive/migrm_image_WD2_legend_item_img.jpg
"
            
            
              
              CSI:DVDコレクション
            
              
              2009年02月03日創刊
            
              
              2010年11月02日完結
            
            ",https://deagostini.jp/post/migrm-57,https://deagostini.jp/f/resources_news/archive/migrm_image_CSI_legend_item_img.jpg
"
            
            
              
              安土城をつくる
            
              
              2009年01月27日創刊
            
              
              2011年03月08日完結
            
            ",https://deagostini.jp/post/migrm-444,https://deagostini.jp/f/resources_news/archive/migrm_image_AZC_legend_item_img.jpg
"
            
            
              
              天体模型・太陽系を作る
            
              
              2009年01月13日創刊
            
              
              2011年01月06日完結
            
            ",https://deagostini.jp/post/migrm-2,https://deagostini.jp/f/resources_news/archive/migrm_image_TMT_legend_item_img.jpg
"
            
            
              
              『東映時代劇 傑作ＤＶＤコレクション
            
              
              2009年01月06日創刊
            
              
              2011年04月11日完結
            
            ",https://deagostini.jp/post/migrm-462,https://deagostini.jp/f/resources_news/archive/migrm_image_TJD_legend_item_img.jpg
"
            
            
              
              落語百選ＤＶＤコレクション
            
              
              2008年10月07日創刊
            
              
              2011年01月18日完結
            
            ",https://deagostini.jp/post/migrm-238,https://deagostini.jp/f/resources_news/archive/migrm_image_RGD_legend_item_img.jpg
"
            
            
              
              そーなんだ！3訂版
            
              
              2008年09月22日創刊
            
              
              2011年04月05日完結
            
            ",https://deagostini.jp/post/migrm-449,https://deagostini.jp/f/resources_news/archive/migrm_image_SN3_legend_item_img.jpg
"
            
            
              
              そーなんだ！社会編 改訂版
            
              
              2008年09月22日創刊
            
              
              2010年09月07日完結
            
            ",https://deagostini.jp/post/migrm-283,https://deagostini.jp/f/resources_news/archive/migrm_image_SS2_legend_item_img.jpg
"
            
            
              
              スターゲイト DVDコレクション
            
              
              2008年09月09日創刊
            
              
              2012年09月11日完結
            
            ",https://deagostini.jp/post/migrm-457,https://deagostini.jp/f/resources_news/archive/migrm_image_SGD_legend_item_img.jpg
"
            
            
              
              フェラーリグランツーリズモ
            
              
              2008年08月25日創刊
            
              
              2009年12月01日完結
            
            ",https://deagostini.jp/post/migrm-99,https://deagostini.jp/f/resources_news/archive/migrm_image_FGT_legend_item_img.jpg
"
            
            
              
              仮面ライダーオフィシャルデータファイル
            
              
              2008年03月11日創刊
            
              
              2010年08月17日完結
            
            ",https://deagostini.jp/post/migrm-150,https://deagostini.jp/f/resources_news/archive/migrm_image_KMR_legend_item_img.jpg
"
            
            
              
              クール・ジャズ・コレクション
            
              
              2008年02月26日創刊
            
              
              2011年03月15日完結
            
            ",https://deagostini.jp/post/migrm-448,https://deagostini.jp/f/resources_news/archive/migrm_image_CJC_legend_item_img.jpg
"
            
            
              
              世界名作劇場DVDセレクション
            
              
              2008年02月19日創刊
            
              
              2010年02月02日完結
            
            ",https://deagostini.jp/post/migrm-263,https://deagostini.jp/f/resources_news/archive/migrm_image_SMD_legend_item_img.jpg
"
            
            
              
              科学忍者隊ガッチャマンDVDコレクション
            
              
              2008年02月05日創刊
            
              
              2010年08月31日完結
            
            ",https://deagostini.jp/post/migrm-114,https://deagostini.jp/f/resources_news/archive/migrm_image_GTD_legend_item_img.jpg
"
            
            
              
              パティシェと作るケーキアンドデザート
            
              
              2008年01月29日創刊
            
              
              2010年01月12日完結
            
            ",https://deagostini.jp/post/migrm-36,https://deagostini.jp/f/resources_news/archive/migrm_image_CAD_legend_item_img.jpg
"
            
            
              
              マイ・ミュージック・スタジオ
            
              
              2008年01月22日創刊
            
              
              2009年08月18日完結
            
            ",https://deagostini.jp/post/migrm-180,https://deagostini.jp/f/resources_news/archive/migrm_image_MMS_legend_item_img.jpg
"
            
            
              
              歴史のミステリー
            
              
              2008年01月15日創刊
            
              
              2009年12月26日完結
            
            ",https://deagostini.jp/post/migrm-241,https://deagostini.jp/f/resources_news/archive/migrm_image_RMS_legend_item_img.jpg
"
            
            
              
              地球の鉱物 コレクション
            
              
              2008年01月08日創刊
            
              
              2012年07月31日完結
            
            ",https://deagostini.jp/post/migrm-474,https://deagostini.jp/f/resources_news/archive/migrm_image_CKC_legend_item_img.jpg
"
            
            
              
              ハーレーダビッドソン
            
              
              2007年10月30日創刊
            
              
              2009年07月28日完結
            
            ",https://deagostini.jp/post/migrm-122,https://deagostini.jp/f/resources_news/archive/migrm_image_HRD_legend_item_img.jpg
"
            
            
              
              刑事コロンボDVDコレクション
            
              
              2007年10月09日創刊
            
              
              2009年06月23日完結
            
            ",https://deagostini.jp/post/migrm-147,https://deagostini.jp/f/resources_news/archive/migrm_image_KCD_legend_item_img.jpg
"
            
            
              
              昭和タイムズ
            
              
              2007年09月25日創刊
            
              
              2008年12月22日完結
            
            ",https://deagostini.jp/post/migrm-295,https://deagostini.jp/f/resources_news/archive/migrm_image_SWT_legend_item_img.jpg
"
            
            
              
              マイディズニーランド
            
              
              2007年09月18日創刊
            
              
              2009年09月10日完結
            
            ",https://deagostini.jp/post/migrm-168,https://deagostini.jp/f/resources_news/archive/migrm_image_MDL_legend_item_img.jpg
"
            
            
              
              蒸気機関車Ｃ62を作る
            
              
              2007年08月28日創刊
            
              
              2009年08月11日完結
            
            ",https://deagostini.jp/post/migrm-139,https://deagostini.jp/f/resources_news/archive/migrm_image_JKC_legend_item_img.jpg
"
            
            
              
              ハリーポッターチェスコレクション
            
              
              2007年06月05日創刊
            
              
              2009年03月17日完結
            
            ",https://deagostini.jp/post/migrm-120,https://deagostini.jp/f/resources_news/archive/migrm_image_HPC_legend_item_img.jpg
"
            
            
              
              ピーターラビットコレクション
            
              
              2007年05月22日創刊
            
              
              2009年09月01日完結
            
            ",https://deagostini.jp/post/migrm-221,https://deagostini.jp/f/resources_news/archive/migrm_image_PRC_legend_item_img.jpg
"
            
            
              
              ファイティングエアクラフトDVDコレクション
            
              
              2007年05月08日創刊
            
              
              2008年06月24日完結
            
            ",https://deagostini.jp/post/migrm-95,https://deagostini.jp/f/resources_news/archive/migrm_image_FAD_legend_item_img.jpg
"
            
            
              
              ヨーロピアンパレス
            
              
              2007年02月13日創刊
            
              
              2009年08月25日完結
            
            ",https://deagostini.jp/post/migrm-91,https://deagostini.jp/f/resources_news/archive/migrm_image_EPP_legend_item_img.jpg
"
            
            
              
              古代文明ビジュアルファイル
            
              
              2007年01月30日創刊
            
              
              2009年01月18日完結
            
            ",https://deagostini.jp/post/migrm-4,https://deagostini.jp/f/resources_news/archive/migrm_image_KBV_legend_item_img.jpg
"
            
            
              
              アーティストジャパン
            
              
              2007年01月19日創刊
            
              
              2008年03月18日完結
            
            ",https://deagostini.jp/post/migrm-23,https://deagostini.jp/f/resources_news/archive/migrm_image_ATJ_legend_item_img.jpg
"
            
            
              
              しあわせ♪クッキング改訂版
            
              
              2007年01月16日創刊
            
              
              2009年01月06日完結
            
            ",https://deagostini.jp/post/migrm-246,https://deagostini.jp/f/resources_news/archive/migrm_image_SC2_legend_item_img.jpg
"
            
            
              
              ロボザック
            
              
              2007年01月09日創刊
            
              
              2008年09月16日完結
            
            ",https://deagostini.jp/post/migrm-231,https://deagostini.jp/f/resources_news/archive/migrm_image_RBZ_legend_item_img.jpg
"
            
            
              
              ミレニアムＤＶＤコレクション
            
              
              2006年12月26日創刊
            
              
              2007年07月10日完結
            
            ",https://deagostini.jp/post/migrm-179,https://deagostini.jp/f/resources_news/archive/migrm_image_MLD_legend_item_img.jpg
"
            
            
              
              ビーズアクセサリー
            
              
              2006年10月10日創刊
            
              
              2009年10月27日完結
            
            ",https://deagostini.jp/post/migrm-31,https://deagostini.jp/f/resources_news/archive/migrm_image_BEA_legend_item_img.jpg
"
            
            
              
              フェラーリラジコンカー
            
              
              2006年09月26日創刊
            
              
              2008年09月09日完結
            
            ",https://deagostini.jp/post/migrm-102,https://deagostini.jp/f/resources_news/archive/migrm_image_FRC_legend_item_img.jpg
"
            
            
              
              24DVDコレクション
            
              
              2006年09月12日創刊
            
              
              2009年02月03日完結
            
            ",https://deagostini.jp/post/migrm-311,https://deagostini.jp/f/resources_news/archive/migrm_image_TWD_legend_item_img.jpg
"
            
            
              
              ハローキティ・アクセサリーコレクション
            
              
              2006年09月05日創刊
            
              
              2009年04月28日完結
            
            ",https://deagostini.jp/post/migrm-142,https://deagostini.jp/f/resources_news/archive/migrm_image_KAC_legend_item_img.jpg
"
            
            
              
              スタートレック ベストエピソード コレクション
            
              
              2006年05月23日創刊
            
              
              2011年07月19日完結
            
            ",https://deagostini.jp/post/migrm-451,https://deagostini.jp/f/resources_news/archive/migrm_image_STD_legend_item_img.jpg
"
            
            
              
              そーなんだ！社会編
            
              
              2006年05月16日創刊
            
              
              2008年05月07日完結
            
            ",https://deagostini.jp/post/migrm-277,https://deagostini.jp/f/resources_news/archive/migrm_image_SNS_legend_item_img.jpg
"
            
            
              
              マイロボット
            
              
              2006年02月21日創刊
            
              
              2007年11月20日完結
            
            ",https://deagostini.jp/post/migrm-191,https://deagostini.jp/f/resources_news/archive/migrm_image_MYR_legend_item_img.jpg
"
            
            
              
              青春のうた ベスト・コレクション
            
              
              2006年01月31日創刊
            
              
              2009年11月24日完結
            
            ",https://deagostini.jp/post/migrm-243,https://deagostini.jp/f/resources_news/archive/migrm_image_SBC_legend_item_img.jpg
"
            
            
              
              日本の100人
            
              
              2006年01月17日創刊
            
              
              2008年05月13日完結
            
            ",https://deagostini.jp/post/migrm-199,https://deagostini.jp/f/resources_news/archive/migrm_image_NHY_legend_item_img.jpg
"
            
            
              
              美空ひばりこころの歌
            
              
              2006年01月10日創刊
            
              
              2008年09月02日完結
            
            ",https://deagostini.jp/post/migrm-171,https://deagostini.jp/f/resources_news/archive/migrm_image_MHK_legend_item_img.jpg
"
            
            
              
              ゴールデン・ポップス
            
              
              2005年10月04日創刊
            
              
              2008年01月08日完結
            
            ",https://deagostini.jp/post/migrm-112,https://deagostini.jp/f/resources_news/archive/migrm_image_GDP_legend_item_img.jpg
"
            
            
              
              わが家で和食
            
              
              2005年09月20日創刊
            
              
              2007年09月11日完結
            
            ",https://deagostini.jp/post/migrm-337,https://deagostini.jp/f/resources_news/archive/migrm_image_WDW_legend_item_img.jpg
"
            
            
              
              戦艦大和を作る
            
              
              2005年09月06日創刊
            
              
              2007年06月12日完結
            
            ",https://deagostini.jp/post/migrm-355,https://deagostini.jp/f/resources_news/archive/migrm_image_YMT_legend_item_img.jpg
"
            
            
              
              世界の昆虫データブック
            
              
              2005年05月24日創刊
            
              
              2007年09月04日完結
            
            ",https://deagostini.jp/post/migrm-272,https://deagostini.jp/f/resources_news/archive/migrm_image_SNK_legend_item_img.jpg
"
            
            
              
              泣いてたまるかDVDコレクション
            
              
              2005年03月08日創刊
            
              
              2006年05月30日完結
            
            ",https://deagostini.jp/post/migrm-207,https://deagostini.jp/f/resources_news/archive/migrm_image_NTD_legend_item_img.jpg
"
            
            
              
              Xファイル DVDコレクション
            
              
              2005年02月22日創刊
            
              
              2006年12月26日完結
            
            ",https://deagostini.jp/post/migrm-350,https://deagostini.jp/f/resources_news/archive/migrm_image_XFD_legend_item_img.jpg
"
            
            
              
              ディズニーのマジックイングリッシュ
            
              
              2005年02月08日創刊
            
              
              2006年01月24日完結
            
            ",https://deagostini.jp/post/migrm-66,https://deagostini.jp/f/resources_news/archive/migrm_image_DME_legend_item_img.jpg
"
            
            
              
              インサイド・ヒューマンボディ改訂版
            
              
              2005年01月25日創刊
            
              
              2008年05月27日完結
            
            ",https://deagostini.jp/post/migrm-128,https://deagostini.jp/f/resources_news/archive/migrm_image_IH2_legend_item_img.jpg
"
            
            
              
              インサイド・ヒューマン・ボディ DVDコレクション
            
              
              2005年01月25日創刊
            
              
              2005年08月30日完結
            
            ",https://deagostini.jp/post/migrm-129,https://deagostini.jp/f/resources_news/archive/migrm_image_IH2D_legend_item_img.jpg
"
            
            
              
              そーなんだ！改訂版
            
              
              2005年01月18日創刊
            
              
              2007年08月07日完結
            
            ",https://deagostini.jp/post/migrm-265,https://deagostini.jp/f/resources_news/archive/migrm_image_SN2_legend_item_img.jpg
"
            
            
              
              和風ドールズハウス
            
              
              2005年01月11日創刊
            
              
              2007年03月06日完結
            
            ",https://deagostini.jp/post/migrm-334,https://deagostini.jp/f/resources_news/archive/migrm_image_WDH_legend_item_img.jpg
"
            
            
              
              ガンダム・ファクトファイル
            
              
              2004年09月21日創刊
            
              
              2007年09月04日完結
            
            ",https://deagostini.jp/post/migrm-110,https://deagostini.jp/f/resources_news/archive/migrm_image_GDM_legend_item_img.jpg
"
            
            
              
              世界遺産DVDコレクション
            
              
              2004年09月07日創刊
            
              
              2008年02月05日完結
            
            ",https://deagostini.jp/post/migrm-258,https://deagostini.jp/f/resources_news/archive/migrm_image_SID_legend_item_img.jpg
"
            
            
              
              チャンピオン･バイク･コレクション
            
              
              2004年08月31日創刊
            
              
              2006年12月12日完結
            
            ",https://deagostini.jp/post/migrm-39,https://deagostini.jp/f/resources_news/archive/migrm_image_CBC_legend_item_img.jpg
"
            
            
              
              水彩で描く
            
              
              2004年03月16日創刊
            
              
              2007年04月03日完結
            
            ",https://deagostini.jp/post/migrm-292,https://deagostini.jp/f/resources_news/archive/migrm_image_SUI_legend_item_img.jpg
"
            
            
              
              レッツ！ピーシーライフ
            
              
              2004年03月09日創刊
            
              
              2006年02月21日完結
            
            ",https://deagostini.jp/post/migrm-158,https://deagostini.jp/f/resources_news/archive/migrm_image_LPL_legend_item_img.jpg
"
            
            
              
              ラジコンCAR
            
              
              2004年02月24日創刊
            
              
              2005年03月22日完結
            
            ",https://deagostini.jp/post/migrm-235,https://deagostini.jp/f/resources_news/archive/migrm_image_RCC_legend_item_img.jpg
"
            
            
              
              アロマテラピー＆ナチュラルライフ
            
              
              2004年02月17日創刊
            
              
              2005年05月24日完結
            
            ",https://deagostini.jp/post/migrm-12,https://deagostini.jp/f/resources_news/archive/migrm_image_ANL_legend_item_img.jpg
"
            
            
              
              鉄道 ＤＡＴＡ ＦＩＬＥ コレクション
            
              
              2004年02月03日創刊
            
              
              2004年12月28日完結
            
            ",https://deagostini.jp/post/migrm-301,https://deagostini.jp/f/resources_news/archive/migrm_image_TDFD_legend_item_img.jpg
"
            
            
              
              鉄道 ＤＡＴＡ ＦＩＬＥ
            
              
              2004年02月03日創刊
            
              
              2009年12月08日完結
            
            ",https://deagostini.jp/post/migrm-300,https://deagostini.jp/f/resources_news/archive/migrm_image_TDF_legend_item_img.jpg
"
            
            
              
              ロード･オブ･ザ･リングシネマフィギュアコレクション
            
              
              2004年01月27日創刊
            
              
              2005年07月26日完結
            
            ",https://deagostini.jp/post/migrm-155,https://deagostini.jp/f/resources_news/archive/migrm_image_LOR_legend_item_img.jpg
"
            
            
              
              ビジュアル日本の歴史 増補版
            
              
              2004年01月20日創刊
            
              
              2006年10月10日完結
            
            ",https://deagostini.jp/post/migrm-321,https://deagostini.jp/f/resources_news/archive/migrm_image_VN2_legend_item_img.jpg
"
            
            
              
              日本のうたこころの歌
            
              
              2004年01月06日創刊
            
              
              2007年10月30日完結
            
            ",https://deagostini.jp/post/migrm-210,https://deagostini.jp/f/resources_news/archive/migrm_image_NUK_legend_item_img.jpg
"
            
            
              
              漢方ライフ
            
              
              2003年11月04日創刊
            
              
              2005年03月22日完結
            
            ",https://deagostini.jp/post/migrm-152,https://deagostini.jp/f/resources_news/archive/migrm_image_KPL_legend_item_img.jpg
"
            
            
              
              エアコンバット DVDコレクション　
            
              
              2003年10月07日創刊
            
              
              2004年08月31日完結
            
            ",https://deagostini.jp/post/migrm-7,https://deagostini.jp/f/resources_news/archive/migrm_image_ACCD_legend_item_img.jpg
"
            
            
              
              エアコンバット･コレクション
            
              
              2003年10月07日創刊
            
              
              2004年08月31日完結
            
            ",https://deagostini.jp/post/migrm-6,https://deagostini.jp/f/resources_news/archive/migrm_image_ACC_legend_item_img.jpg
"
            
            
              
              １００人
            
              
              2003年05月27日創刊
            
              
              2005年05月10日完結
            
            ",https://deagostini.jp/post/migrm-125,https://deagostini.jp/f/resources_news/archive/migrm_image_HYA_legend_item_img.jpg
"
            
            
              
              リアルロボット
            
              
              2003年03月04日創刊
            
              
              2005年08月23日完結
            
            ",https://deagostini.jp/post/migrm-227,https://deagostini.jp/f/resources_news/archive/migrm_image_RBT_legend_item_img.jpg
"
            
            
              
              ワールド・ウェポン DVDコレクション
            
              
              2003年02月25日創刊
            
              
              2003年07月08日完結
            
            ",https://deagostini.jp/post/migrm-346,https://deagostini.jp/f/resources_news/archive/migrm_image_WWPD_legend_item_img.jpg
"
            
            
              
              スタートレック -ファクトファイル
            
              
              2003年02月18日創刊
            
              
              2009年04月07日完結
            
            ",https://deagostini.jp/post/migrm-287,https://deagostini.jp/f/resources_news/archive/migrm_image_STT_legend_item_img.jpg
"
            
            
              
              しあわせCooking
            
              
              2003年01月28日創刊
            
              
              2005年01月18日完結
            
            ",https://deagostini.jp/post/migrm-248,https://deagostini.jp/f/resources_news/archive/migrm_image_SCK_legend_item_img.jpg
"
            
            
              
              ワールド・ウェポン
            
              
              2002年09月03日創刊
            
              
              2005年01月11日完結
            
            ",https://deagostini.jp/post/migrm-342,https://deagostini.jp/f/resources_news/archive/migrm_image_WWP_legend_item_img.jpg
"
            
            
              
              ワールド・ウェポンビデオコレクション
            
              
              2002年09月03日創刊
            
              
              2003年07月08日完結
            
            ",https://deagostini.jp/post/migrm-348,https://deagostini.jp/f/resources_news/archive/migrm_image_WWPV_legend_item_img.jpg
"
            
            
              
              セーリング・シップ
            
              
              2002年06月04日創刊
            
              
              2004年05月11日完結
            
            ",https://deagostini.jp/post/migrm-261,https://deagostini.jp/f/resources_news/archive/migrm_image_SLS_legend_item_img.jpg
"
            
            
              
              そーなんだ！
            
              
              2002年03月05日創刊
            
              
              2004年09月21日完結
            
            ",https://deagostini.jp/post/migrm-269,https://deagostini.jp/f/resources_news/archive/migrm_image_SND_legend_item_img.jpg
"
            
            
              
              スター・ウォーズ―ファクトファイル
            
              
              2002年02月19日創刊
            
              
              2004年06月29日完結
            
            ",https://deagostini.jp/post/migrm-289,https://deagostini.jp/f/resources_news/archive/migrm_image_STW_legend_item_img.jpg
"
            
            
              
              ニュー・ピーシー･サクセス
            
              
              2002年02月05日創刊
            
              
              2003年11月11日完結
            
            ",https://deagostini.jp/post/migrm-203,https://deagostini.jp/f/resources_news/archive/migrm_image_NPCS_legend_item_img.jpg
"
            
            
              
              スピーク・イングリッシュ
            
              
              2002年01月22日創刊
            
              
              2003年12月22日完結
            
            ",https://deagostini.jp/post/migrm-279,https://deagostini.jp/f/resources_news/archive/migrm_image_SPE_legend_item_img.jpg
"
            
            
              
              ビジュアル源氏物語
            
              
              2002年01月08日創刊
            
              
              2003年11月18日完結
            
            ",https://deagostini.jp/post/migrm-319,https://deagostini.jp/f/resources_news/archive/migrm_image_VGM_legend_item_img.jpg
"
            
            
              
              モト・コレクション
            
              
              2001年10月23日創刊
            
              
              2003年07月08日完結
            
            ",https://deagostini.jp/post/migrm-185,https://deagostini.jp/f/resources_news/archive/migrm_image_MOC_legend_item_img.jpg
"
            
            
              
              インサイド・ヒューマン・ボディ
            
              
              2001年09月25日創刊
            
              
              2005年02月01日完結
            
            ",https://deagostini.jp/post/migrm-132,https://deagostini.jp/f/resources_news/archive/migrm_image_IHB_legend_item_img.jpg
"
            
            
              
              インサイド・ヒューマン・ボディ ビデオ版
            
              
              2001年09月25日創刊
            
              
              2002年04月30日完結
            
            ",https://deagostini.jp/post/migrm-135,https://deagostini.jp/f/resources_news/archive/migrm_image_IHBV_legend_item_img.jpg
"
            
            
              
              ディズニー・ダイナソー
            
              
              2001年06月19日創刊
            
              
              2001年11月13日完結
            
            ",https://deagostini.jp/post/migrm-63,https://deagostini.jp/f/resources_news/archive/migrm_image_DDS_legend_item_img.jpg
"
            
            
              
              トレジャー・ストーン
            
              
              2001年03月13日創刊
            
              
              2005年10月14日完結
            
            ",https://deagostini.jp/post/migrm-307,https://deagostini.jp/f/resources_news/archive/migrm_image_TRS_legend_item_img.jpg
"
            
            
              
              ニュー・イージー・ピーシー
            
              
              2001年02月06日創刊
            
              
              2003年02月18日完結
            
            ",https://deagostini.jp/post/migrm-197,https://deagostini.jp/f/resources_news/archive/migrm_image_NEPC_legend_item_img.jpg
"
            
            
              
              マイ・ドールズ・ハウス
            
              
              2001年01月09日創刊
            
              
              2003年12月09日完結
            
            ",https://deagostini.jp/post/migrm-165,https://deagostini.jp/f/resources_news/archive/migrm_image_MDH_legend_item_img.jpg
"
            
            
              
              アート・コースビデオ
            
              
              2000年02月15日創刊
            
              
              2000年11月21日完結
            
            ",https://deagostini.jp/post/migrm-16,https://deagostini.jp/f/resources_news/archive/migrm_image_ARCV_legend_item_img.jpg
"
            
            
              
              アート・コース
            
              
              2000年02月15日創刊
            
              
              2003年02月04日完結
            
            ",https://deagostini.jp/post/migrm-14,https://deagostini.jp/f/resources_news/archive/migrm_image_ARC_legend_item_img.jpg
"
            
            
              
              ビジュアル日本の歴史
            
              
              2000年02月08日創刊
            
              
              2002年10月29日完結
            
            ",https://deagostini.jp/post/migrm-324,https://deagostini.jp/f/resources_news/archive/migrm_image_VNR_legend_item_img.jpg
"
            
            
              
              ピーシー・サクセス
            
              
              2000年01月25日創刊
            
              
              2002年01月22日完結
            
            ",https://deagostini.jp/post/migrm-213,https://deagostini.jp/f/resources_news/archive/migrm_image_PCS_legend_item_img.jpg
"
            
            
              
              ワールド･エア･クラフト
            
              
              1999年09月28日創刊
            
              
              2003年10月07日完結
            
            ",https://deagostini.jp/post/migrm-327,https://deagostini.jp/f/resources_news/archive/migrm_image_WAC_legend_item_img.jpg
"
            
            
              
              イングリッシュ･フォー･ユー･プラス
            
              
              1999年03月23日創刊
            
              
              2001年01月30日完結
            
            ",https://deagostini.jp/post/migrm-80,https://deagostini.jp/f/resources_news/archive/migrm_image_EFP_legend_item_img.jpg
"
            
            
              
              ホームガーデン
            
              
              1999年02月23日創刊
            
              
              2001年02月06日完結
            
            ",https://deagostini.jp/post/migrm-118,https://deagostini.jp/f/resources_news/archive/migrm_image_HOG_legend_item_img.jpg
"
            
            
              
              アートギャラリー
            
              
              1999年01月19日創刊
            
              
              2000年12月19日完結
            
            ",https://deagostini.jp/post/migrm-18,https://deagostini.jp/f/resources_news/archive/migrm_image_ARG_legend_item_img.jpg
"
            
            
              
              イージー･ピーシー
            
              
              1998年03月10日創刊
            
              
              2000年06月06日完結
            
            ",https://deagostini.jp/post/migrm-89,https://deagostini.jp/f/resources_news/archive/migrm_image_EPC_legend_item_img.jpg
"
            
            
              
              ザ・ムービー
            
              
              1998年02月24日創刊
            
              
              2000年01月25日完結
            
            ",https://deagostini.jp/post/migrm-187,https://deagostini.jp/f/resources_news/archive/migrm_image_MOV_legend_item_img.jpg
"
            
            
              
              クラシック･コレクション (再刊行)
            
              
              1998年01月27日創刊
            
              
              2001年07月10日完結
            
            ",https://deagostini.jp/post/migrm-44,https://deagostini.jp/f/resources_news/archive/migrm_image_CCL2_legend_item_img.jpg
"
            
            
              
              メディ･ファイル
            
              
              1997年10月07日創刊
            
              
              2000年02月01日完結
            
            ",https://deagostini.jp/post/migrm-163,https://deagostini.jp/f/resources_news/archive/migrm_image_MDF_legend_item_img.jpg
"
            
            
              
              ドゥ･フォト
            
              
              1997年05月27日創刊
            
              
              1998年12月15日完結
            
            ",https://deagostini.jp/post/migrm-76,https://deagostini.jp/f/resources_news/archive/migrm_image_DPH_legend_item_img.jpg
"
            
            
              
              エックス･ゾーン
            
              
              1997年05月13日創刊
            
              
              1999年01月06日完結
            
            ",https://deagostini.jp/post/migrm-352,https://deagostini.jp/f/resources_news/archive/migrm_image_XZN_legend_item_img.jpg
"
            
            
              
              ニュー･イングリッシュ･フォー･ユー
            
              
              1996年09月17日創刊
            
              
              1999年01月26日完結
            
            ",https://deagostini.jp/post/migrm-195,https://deagostini.jp/f/resources_news/archive/migrm_image_NEFY_legend_item_img.jpg
"
            
            
              
              マーダー･ケースブック
            
              
              1995年09月26日創刊
            
              
              1997年08月01日完結
            
            ",https://deagostini.jp/post/migrm-161,https://deagostini.jp/f/resources_news/archive/migrm_image_MCB_legend_item_img.jpg
"
            
            
              
              クラシック･コレクション
            
              
              1994年09月27日創刊
            
              
              1996年03月10日完結
            
            ",https://deagostini.jp/post/migrm-43,https://deagostini.jp/f/resources_news/archive/migrm_image_CCL_legend_item_img.jpg
"
            
            
              
              グレート･アーティスト 再刊行
            
              
              1994年01月01日創刊
            
              
              2000年06月06日完結
            
            ",https://deagostini.jp/post/migrm-107,https://deagostini.jp/f/resources_news/archive/migrm_image_GAR_legend_item_img.jpg
"
            
            
              
              恐竜サウルス
            
              
              1993年10月05日創刊
            
              
              1995年08月08日完結
            
            ",https://deagostini.jp/post/migrm-64,https://deagostini.jp/f/resources_news/archive/migrm_image_DIN_legend_item_img.jpg
"
            
            
              
              グレート･コンポーザー
            
              
              1992年01月14日創刊
            
              
              1993年07月06日完結
            
            ",https://deagostini.jp/post/migrm-53,https://deagostini.jp/f/resources_news/archive/migrm_image_CO2_legend_item_img.jpg
"
            
            
              
              ドゥ･アート
            
              
              1991年01月29日創刊
            
              
              1993年01月05日完結
            
            ",https://deagostini.jp/post/migrm-70,https://deagostini.jp/f/resources_news/archive/migrm_image_DOA_legend_item_img.jpg
"
            
            
              
              エア･クラフト
            
              
              1988年10月03日創刊
            
              
              1992年10月01日完結
            
            ",https://deagostini.jp/post/migrm-11,https://deagostini.jp/f/resources_news/archive/migrm_image_AIR_legend_item_img.jpg
"
            
            
              
              ロビ 再刊行版
            
              
              2014年02月25日創刊
            
              
              2015年07月28日完結
            
            ",https://deagostini.jp/post/migrm-563,https://deagostini.jp/f/resources_news/archive/migrm_image_RB2_legend_item_img.jpg
"
            
            
              
              ロビ
            
              
              2013年02月19日創刊
            
              
              2015年03月17日完結
            
            ",https://deagostini.jp/post/migrm-562,https://deagostini.jp/f/resources_news/archive/migrm_image_RBI_legend_item_img.jpg
"
            
            
              
              Magiki プリンセス（全12種類）
            
              
              2021年4月20日発売
            
            ",https://deagostini.jp/post/archive-202406241455,https://deagostini.jp/f/resources/images/kids/mpr/issue_101_1.jpg
"
            
            
              
              シーモンスターズ＆Co.　ビッグ（全15種類）
            
              
              2020年12月16日発売
            
            ",https://deagostini.jp/post/archive-202406241445,https://deagostini.jp/f/resources/images/kids/smb/issue_1_1.jpg
"
            
            
              
              Magiki こねこちゃん（全12種類）
            
              
              2020年7月15日発売
            
            ",https://deagostini.jp/post/archive-202406241439,https://deagostini.jp/f/resources/images/kids/mkk/issue_1_1.jpg
"
            
            
              
              シャーク＆Co.（全16種類）
            
              
              2020年3月11日発売
            
            ",https://deagostini.jp/post/archive-202406241432,https://deagostini.jp/f/resources/images/kids/skc/issue_1_1.jpg
"
            
            
              
              Magiki ペンギン（全12種類）
            
              
              2019年11月29日発売
            
            ",https://deagostini.jp/post/archive-202406241059,https://deagostini.jp/f/resources/images/kids/mpg/issue_1_1.jpg
"
            
            
              
              Magiki マーメイド（全12種類）
            
              
              2019年7月4日発売
            
            ",https://deagostini.jp/post/archive-202406241054,https://deagostini.jp/f/resources/images/kids/mgm/issue_3_1.jpg
"
            
            
              
              イグアナ＆Co.（全22種類）
            
              
              2019年8月1日発売
            
            ",https://deagostini.jp/post/archive-202406241047,https://deagostini.jp/f/resources/images/kids/igc/issue_1_1.jpg
"
            
            
              
              シーモンスターズ＆Co.（全21種類）
            
              
              2018年９月21日発売
            
            ",https://deagostini.jp/post/archive-202406241009,https://deagostini.jp/f/resources/images/kids/smc/smcpack.jpg
"
            
            
              
              Among Us フィギュア キーチェーン 追放ver.（全16種類）
            
              
              2022年10月26日発売
            
            ",https://deagostini.jp/post/archive-202406241532,https://deagostini.jp/f/resources/images/kids/amt/issue_1_1.jpg
"
            
            
              
              Among Us フィギュア キーチェーン（全16種類）
            
              
              2022年4月26日発売
            
            ",https://deagostini.jp/post/archive-202406241526,https://deagostini.jp/f/resources/images/kids/amu/issue_1_1.jpg
